Name,Year,Rating,Date
Little Women,2019,5,1/1/2020
Uncut Gems,2019,4.5,1/5/2020
John Mulaney & The Sack Lunch Bunch,2019,4.5,1/5/2020
Seth Meyers: Lobby Baby,2019,,1/6/2020
John Mulaney & The Sack Lunch Bunch,2019,4.5,1/9/2020
Jenny Slate: Stage Fright,2019,,1/9/2020
Black Mirror: Bandersnatch,2018,3.5,1/12/2020
Go Figure,2005,,1/15/2020
Jojo Rabbit,2019,,1/17/2020
The Swap,2016,,1/19/2020
Mike Birbiglia: The New One,2019,4.5,1/20/2020
Michelle Wolf: Joke Show,2019,3.5,1/20/2020
Knives Out,2019,5,1/24/2020
Kim Possible: So the Drama,2005,,1/25/2020
How to Build a Better Boy,2014,,1/25/2020
Parasite,2019,5,1/26/2020
Paddington,2014,5,2/1/2020
Descendants 3,2019,,2/2/2020
Lady Bird,2017,5,2/6/2020
Birds of Prey (and the Fantabulous Emancipation of One Harley Quinn),2020,3,2/7/2020
Knives Out,2019,5,2/7/2020
Booksmart,2019,4.5,2/10/2020
Miss Americana,2020,2.5,2/17/2020
The Farewell,2019,4,2/17/2020
Horse Girl,2020,4,2/18/2020
Fortune Feimster: Sweet & Salty,2020,3.5,2/18/2020
Iliza Shlesinger: Unveiled,2019,,2/19/2020
Gabriel Iglesias: One Show Fits All,2019,,2/23/2020
Portrait of a Lady on Fire,2019,5,3/6/2020
Parasite,2019,5,3/7/2020
Dolemite Is My Name,2019,3.5,3/8/2020
Pete Davidson: Alive from New York,2020,,3/11/2020
John Mulaney: Kid Gorgeous at Radio City,2018,,3/11/2020
Taylor Tomlinson: Quarter-Life Crisis,2020,,3/12/2020
Marc Maron: End Times Fun,2020,,3/14/2020
Tiffany Haddish: Black Mitzvah,2019,,3/14/2020
David A. Arnold: Fat Ballerina,2020,,3/14/2020
Toy Story 4,2019,4,3/17/2020
Horse Sense,1999,,3/19/2020
Nate Bargatze: The Tennessee Kid,2019,,3/20/2020
Hatching Pete,2009,,3/21/2020
Life Is Ruff,2005,,3/22/2020
Quints,2000,,3/23/2020
Austin Powers: International Man of Mystery,1997,4,3/28/2020
The Man Who Killed Don Quixote,2018,3.5,3/29/2020
Dave Chappelle: The Kennedy Center Mark Twain Prize,2020,,4/5/2020
Austin Powers: The Spy Who Shagged Me,1999,3.5,4/6/2020
Rosemary's Baby,1968,4.5,4/6/2020
Ingrid Goes West,2017,4.5,4/6/2020
Monty Python and the Holy Grail,1975,3.5,4/7/2020
Bathtubs Over Broadway,2018,4,4/7/2020
What We Do in the Shadows,2014,4,4/8/2020
The Death of Stalin,2017,2.5,4/9/2020
Frozen II,2019,,4/9/2020
Maria Bamford: The Special Special Special!,2012,,4/10/2020
Blazing Saddles,1974,4,4/10/2020
Scary Movie,2000,1.5,4/11/2020
Escape from New York,1981,4,4/11/2020
Fear and Desire,1953,3,4/12/2020
The Big Sick,2017,5,4/12/2020
The Evil Dead,1981,2.5,4/13/2020
Doctor Sleep,2019,4,4/14/2020
The Luck of the Irish,2001,,4/15/2020
Paths of Glory,1957,3.5,4/16/2020
Stop Making Sense,1984,5,4/16/2020
Bert Kreischer: Hey Big Boy,2020,,4/17/2020
John Mulaney: New in Town,2012,,4/17/2020
Tangerine,2015,,4/19/2020
Misery,1990,,4/19/2020
The Terminator,1984,3,4/25/2020
Paddington 2,2017,,4/25/2020
Jumping Ship,2001,,5/2/2020
The Suite Life Movie,2011,,5/7/2020
The Lonely Island Presents: The Unauthorized Bash Brothers Experience,2019,3.5,5/8/2020
Hail Caesar!,2016,3,5/16/2020
Avalon High,2010,,5/17/2020
Zenon: Girl of the 21st Century,1999,,5/17/2020
Yesterday,2019,2,5/18/2020
Zenon: The Zequel,2001,,5/20/2020
Tangled: Before Ever After,2017,,5/20/2020
You Lucky Dog,1998,,5/23/2020
Z-O-M-B-I-E-S 2,2020,,5/23/2020
Aliens,1986,4,5/24/2020
The End of the Tour,2015,3.5,5/24/2020
Moulin Rouge!,2001,4,5/24/2020
Smart House,1999,3,5/26/2020
Patton Oswalt: I Love Everything,2020,,5/26/2020
Cloud 9,2014,,5/27/2020
Midsommar,2019,4,5/27/2020
Up Up and Away,2000,,5/28/2020
Three Identical Strangers,2018,4.5,5/28/2020
Honey Boy,2019,4.5,5/29/2020
Minutemen,2008,4,5/30/2020
Swiss Army Man,2016,4.5,6/1/2020
Western Stars,2019,2.5,6/2/2020
The Lego Movie 2: The Second Part,2019,3,6/2/2020
Hannah Gadsby: Douglas,2020,,6/3/2020
Patton Oswalt: I Love Everything,2020,4,6/3/2020
The Color of Friendship,2000,,6/4/2020
Johnny Kapahala: Back on Board,2007,,6/4/2020
Jump In!,2007,,6/4/2020
Manufacturing Consent: Noam Chomsky and the Media,1992,3,6/5/2020
Alley Cats Strike,2000,,6/7/2020
Apocalypse Now,1979,4,6/8/2020
Jaws,1975,3.5,6/9/2020
The Proud Family Movie,2005,,6/9/2020
It Chapter Two,2019,2,6/10/2020
Rip Girls,2000,,6/11/2020
Buffalo Dreams,2005,,6/11/2020
Miracle in Lane 2,2000,,6/13/2020
Tiger Cruise,2004,,6/13/2020
Stepsister from Planet Weird,2000,,6/14/2020
Stuck in the Suburbs,2004,,6/14/2020
The Last Black Man in San Francisco,2019,4,6/16/2020
Ready to Run,2000,,6/20/2020
The Pervert's Guide to Ideology,2012,3.5,6/21/2020
Hairspray,1988,5,6/23/2020
Going to the Mat,2004,,6/26/2020
Eric Andre: Legalize Everything,2020,2.5,6/27/2020
Howl's Moving Castle,2004,,6/28/2020
Pride,2014,3.5,6/30/2020
Full-Court Miracle,2003,,7/2/2020
Hounded,2001,,7/4/2020
Radio Rebel,2012,4,7/5/2020
The Even Stevens Movie,2003,,7/5/2020
Jim Jefferies: Intolerant,2020,3.5,7/10/2020
Motocrossed,2001,,7/11/2020
Jett Jackson: The Movie,2001,,7/12/2020
Adventureland,2009,3,7/14/2020
Greener Grass,2019,5,7/16/2020
The Jennie Project,2001,,7/18/2020
I Am Divine,2013,3.5,7/20/2020
Right on Track,2003,,7/22/2020
The Poof Point,2001,,7/24/2020
The Scream Team,2002,,7/26/2020
Gotta Kick It Up!,2002,1,7/27/2020
The Parent Trap,1998,3,7/28/2020
Into the Inferno,2016,4.5,8/4/2020
You Wish!,2003,1.5,8/5/2020
Mulholland Drive,2001,4.5,8/6/2020
Cry-Baby,1990,5,8/7/2020
Sam Jay: 3 in the Morning,2020,,8/7/2020
Star Wars,1977,4,8/9/2020
Tru Confessions,2002,3.5,8/9/2020
Camp Rock,2008,4.5,8/9/2020
Camp Rock 2: The Final Jam,2010,4.5,8/10/2020
High School Musical,2006,4.5,8/10/2020
High School Musical 2,2007,5,8/10/2020
Troll Hunter,2010,3.5,8/11/2020
Good Time,2017,4,8/13/2020
A Dirty Shame,2004,4,8/14/2020
Cecil B. Demented,2000,3.5,8/15/2020
The Empire Strikes Back,1980,4.5,8/16/2020
Microcosmos,1996,3.5,8/18/2020
Pecker,1998,2.5,8/20/2020
James Veitch: Straight to VHS,2020,4.5,8/21/2020
Beth Stelling: Girl Daddy,2020,4,8/21/2020
Live from the Space Stage: A HALYX Story,2020,2.5,8/21/2020
Serial Mom,1994,4,8/22/2020
Return of the Jedi,1983,3.5,8/23/2020
Muppet Treasure Island,1996,4,8/25/2020
Multiple Maniacs,1970,4,8/26/2020
Star Wars: Episode I - The Phantom Menace,1999,1.5,8/30/2020
Spotlight,2015,4,8/31/2020
Holes,2003,3.5,9/1/2020
Pink Flamingos,1972,3,9/4/2020
Palm Springs,2020,3.5,9/6/2020
Star Wars: Episode II - Attack of the Clones,2002,,9/6/2020
Beetlejuice,1988,2.5,9/8/2020
Six by Sondheim,2013,4,9/11/2020
Female Trouble,1974,4,9/11/2020
Company,2008,5,9/11/2020
Polyester,1981,4,9/12/2020
Star Wars: Episode III - Revenge of the Sith,2005,2.5,9/13/2020
Once,2007,4,9/15/2020
Desperate Living,1977,3,9/17/2020
Mandy,2018,4.5,9/19/2020
Star Wars: The Force Awakens,2015,3,9/20/2020
Happy Death Day,2017,3,9/21/2020
Fantastic Mr. Fox,2009,4,9/22/2020
A Nightmare on Elm Street,1984,3.5,9/23/2020
The Host,2006,4,9/25/2020
Star Wars: The Last Jedi,2017,4.5,9/27/2020
The People Under the Stairs,1991,4.5,9/28/2020
Moana,2016,3.5,9/29/2020
eXistenZ,1999,3,9/30/2020
Pan's Labyrinth,2006,4,10/1/2020
The Silence of the Lambs,1991,4,10/2/2020
Us,2019,3.5,10/2/2020
The Thing,1982,4,10/3/2020
Star Wars: The Rise of Skywalker,2019,2,10/4/2020
A Nightmare on Elm Street Part 2: Freddy's Revenge,1985,3,10/5/2020
Kiki's Delivery Service,1989,4.5,10/6/2020
The Rocky Horror Picture Show,1975,3,10/7/2020
Friday the 13th,1980,3,10/8/2020
The Lighthouse,2019,5,10/9/2020
They Live,1988,5,10/10/2020
The Shining,1980,5,10/11/2020
Addams Family Values,1993,4.5,10/12/2020
Stop Making Sense,1984,5,10/13/2020
Blood Quantum,2019,2.5,10/13/2020
Halloween,1978,4,10/15/2020
The Haunted Mansion,2003,1.5,10/15/2020
Scream,1996,5,10/16/2020
Evil Dead II,1987,4,10/17/2020
Cry-Baby,1990,5,10/18/2020
Jennifer's Body,2009,4.5,10/20/2020
Color Out of Space,2019,2,10/21/2020
Mulholland Drive,2001,4.5,10/22/2020
A Nightmare on Elm Street 3: Dream Warriors,1987,4,10/23/2020
Room 237,2012,3.5,10/24/2020
Detention,2011,3,10/25/2020
The People Under the Stairs,1991,4.5,10/27/2020
Over the Garden Wall,2014,4,10/28/2020
House,1977,5,10/30/2020
Videodrome,1983,5,10/31/2020
Hubie Halloween,2020,2.5,11/1/2020
Everything Is Illuminated,2005,4.5,11/1/2020
Romeo + Juliet,1996,2,11/3/2020
David Byrne's American Utopia,2020,5,11/6/2020
Her Smell,2018,3.5,11/8/2020
Sing Street,2016,5,11/8/2020
The Lego Batman Movie,2017,3,11/10/2020
Mad Max: Fury Road,2015,4.5,11/10/2020
Ben Platt: Live from Radio City Music Hall,2020,3.5,11/12/2020
Big Fish,2003,3.5,11/17/2020
LEGO Star Wars Holiday Special,2020,3,11/22/2020
Clueless,1995,4,11/22/2020
Stop Making Sense,1984,5,11/23/2020
Paddington,2014,5,11/24/2020
Borat: Cultural Learnings of America for Make Benefit Glorious Nation of Kazakhstan,2006,3.5,11/24/2020
An American Pickle,2020,3.5,11/24/2020
Borat Subsequent Moviefilm,2020,4,11/24/2020
Ratatouille,2007,4.5,11/24/2020
Onward,2020,2,11/25/2020
Phineas and Ferb: The Movie: Candace Against the Universe,2020,3.5,11/25/2020
Twin Peaks: Fire Walk with Me,1992,3.5,11/26/2020
Happiest Season,2020,2,11/26/2020
Twin Peaks: The Missing Pieces,2014,2.5,11/29/2020
Knives Out,2019,5,11/29/2020
Greener Grass,2019,5,11/30/2020
Snowpiercer,2013,3.5,12/1/2020
8:46,2020,5,12/2/2020
A Muppet Family Christmas,1987,4,12/4/2020
David Byrne's American Utopia,2020,5,12/5/2020
True Stories,1986,5,12/5/2020
Twin Peaks: The Return,2017,4,12/6/2020
Eighth Grade,2018,5,12/6/2020
The Leprechauns' Christmas Gold,1981,1,12/8/2020
Rudolph the Red-Nosed Reindeer,1964,3,12/8/2020
The Year Without a Santa Claus,1974,3.5,12/8/2020
How the Grinch Stole Christmas,2000,4,12/9/2020
First Cow,2019,3.5,12/12/2020
High School Musical: The Musical: The Holiday Special,2020,4,12/12/2020
An Evening with Tim Heidecker,2020,4,12/13/2020
Dog Day Afternoon,1975,5,12/13/2020
David Lynch Cooks Quinoa,2007,3.5,12/13/2020
Multiple Maniacs,1970,4,12/15/2020
Elf,2003,3.5,12/15/2020
Bill & Ted's Excellent Adventure,1989,4,12/16/2020
Polyester,1981,4,12/16/2020
Emma.,2020,3,12/17/2020
Eyes Wide Shut,1999,4.5,12/17/2020
Mulan,2020,1,12/18/2020
Emmet Otter's Jug-Band Christmas,1977,4.5,12/18/2020
I'm Thinking of Ending Things,2020,5,12/19/2020
Da 5 Bloods,2020,2,12/19/2020
Crip Camp: A Disability Revolution,2020,4.5,12/19/2020
Long Toast,2020,4.5,12/19/2020
Canvas,2020,3,12/20/2020
Fargo,1996,4.5,12/20/2020
The Prom,2020,2,12/20/2020
Wild at Heart,1990,5,12/20/2020
Mangrove,2020,4.5,12/21/2020
Lovers Rock,2020,3.5,12/21/2020
A Muppets Christmas: Letters to Santa,2008,3.5,12/21/2020
It's a Very Merry Muppet Christmas Movie,2002,3.5,12/21/2020
Feels Good Man,2020,4.5,12/22/2020
Sonic the Hedgehog,2020,3,12/22/2020
Red White and Blue,2020,4,12/22/2020
The Muppet Christmas Carol,1992,4,12/22/2020
The Good Dinosaur,2015,2.5,12/23/2020
Shadow,2018,3,12/23/2020
Dr. Seuss' The Grinch Musical,2020,0.5,12/23/2020
Black Bear,2020,4.5,12/24/2020
Bad Education,2019,4,12/24/2020
Mickey's Once Upon a Christmas,1999,4.5,12/24/2020
Klaus,2019,4,12/25/2020
Soul,2020,3.5,12/25/2020
Home Alone,1990,4,12/25/2020
Home Alone 2: Lost in New York,1992,3.5,12/25/2020
Alex Wheatle,2020,3,12/26/2020
Education,2020,3.5,12/26/2020
Ma Rainey's Black Bottom,2020,3,12/26/2020
Shirley,2020,4,12/26/2020
Dick Johnson Is Dead,2020,4,12/26/2020
Scoob!,2020,1,12/27/2020
Possessor,2020,4,12/27/2020
I'm Thinking of Ending Things,2020,5,12/27/2020
Another Round,2020,4,12/28/2020
She Dies Tomorrow,2020,2.5,12/28/2020
Labyrinth,1986,3.5,12/29/2020
Wendy,2020,2,12/29/2020
Disclosure,2020,3.5,12/30/2020
Kajillionaire,2020,4.5,12/30/2020
Sorry We Missed You,2019,4.5,12/31/2020
Tenet,2020,3,12/31/2020
Female Trouble,1974,4.5,1/1/2021
Ratatouille: The TikTok Musical,2021,3.5,1/2/2021
Anastasia,1997,4,1/3/2021
Stop Making Sense,1984,5,1/4/2021
Wolfwalkers,2020,4,1/5/2021
Collective,2019,4.5,1/5/2021
Beastie Boys Story,2020,4,1/6/2021
Rabbits,2002,4,1/9/2021
Repo Man,1984,3.5,1/9/2021
Fictitious Anacin Commercial,1967,,1/10/2021
Sailing with Bushnell Keeler,1967,,1/10/2021
Absurd Encounter with Fear,1967,,1/10/2021
The Cowboy and the Frenchman,1988,3,1/10/2021
2001: A Space Odyssey,1968,4.5,1/10/2021
Day of the Fight,1951,2,1/11/2021
Flying Padre,1951,2,1/11/2021
The Seafarers,1953,2.5,1/11/2021
Jour de fête,1949,4,1/12/2021
Run,2020,2,1/12/2021
The Social Dilemma,2020,1,1/13/2021
Seven Samurai,1954,4.5,1/16/2021
The Straight Story,1999,5,1/17/2021
Serial Mom,1994,5,1/17/2021
Election,1999,4,1/18/2021
Crip Camp: A Disability Revolution,2020,4.5,1/19/2021
Breathless,1960,2.5,1/22/2021
Killer's Kiss,1955,3,1/23/2021
Wolfwalkers,2020,4,1/26/2021
Godzilla,2014,4,1/27/2021
The Blob,1958,3,1/29/2021
Office Space,1999,2,1/31/2021
Ma Rainey's Black Bottom,2020,3,2/4/2021
Akira,1988,4,2/5/2021
House,1977,5,2/7/2021
Women on the Verge of a Nervous Breakdown,1988,4,2/12/2021
Godzilla,1954,4,2/12/2021
Shattered Glass,2003,3.5,2/14/2021
Pariah,2011,4.5,2/18/2021
Mishima: A Life in Four Chapters,1985,5,2/19/2021
Godzilla Raids Again,1955,2,2/23/2021
Fantastic Planet,1973,3.5,2/23/2021
Paddington 2,2017,5,2/23/2021
Kennywood Memories,1988,4,2/24/2021
The Birdcage,1996,4,2/25/2021
Once Upon a Time… in Hollywood,2019,3.5,2/25/2021
Judas and the Black Messiah,2021,4.5,2/25/2021
King Kong vs. Godzilla,1963,2.5,2/26/2021
Desert Hearts,1985,3.5,2/26/2021
Professor Marston and the Wonder Women,2017,4,2/27/2021
Blue Collar,1978,4,2/27/2021
Bamboozled,2000,3.5,2/28/2021
Vampire's Kiss,1988,5,2/28/2021
Matewan,1987,5,3/4/2021
Girlfriends,1978,4,3/4/2021
Blue Velvet,1986,3,3/5/2021
The Passion of Joan of Arc,1928,3,3/5/2021
The Last Temptation of Christ,1988,4.5,3/6/2021
Tom & Jerry,2021,0.5,3/7/2021
Nomadland,2020,2.5,3/7/2021
A Hot Dog Program,1999,4,3/10/2021
But I'm a Cheerleader,1999,4,3/11/2021
The Phantom Carriage,1921,,3/12/2021
Sandwiches That You Will Like,2002,4,3/13/2021
A Program About Unusual Buildings & Other Roadside Stuff,2004,3,3/13/2021
An Ice Cream Show,1996,4,3/13/2021
Coded Bias,2020,4,3/14/2021
Grey Gardens,1975,4.5,3/14/2021
Original Cast Album: Company,1970,5,3/17/2021
Blow the Man Down,2019,3.5,3/18/2021
WandaVision,2021,3,3/19/2021
The Man Who Knew Too Much,1934,3,3/19/2021
The Blues Brothers,1980,5,3/21/2021
Stop Making Sense,1984,5,3/22/2021
Citizen Kane,1941,4,3/24/2021
The Secret of Kells,2009,2.5,3/25/2021
The Uninvited,1944,3.5,3/26/2021
Promising Young Woman,2020,2,3/26/2021
Kes,1969,4.5,3/27/2021
Nine to Five,1980,3,3/28/2021
Barbarella,1968,4.5,3/29/2021
Hustlers,2019,4.5,3/31/2021
Kong: Skull Island,2017,3.5,3/31/2021
Time Bandits,1981,4,4/1/2021
Best in Show,2000,3.5,4/1/2021
Godzilla: King of the Monsters,2019,2.5,4/2/2021
Dune,1984,,4/3/2021
Barry Lyndon,1975,4.5,4/4/2021
Sunday in the Park with George,1986,5,4/5/2021
The Lighthouse,2019,5,4/6/2021
A Beautiful Day in the Neighborhood,2019,3,4/7/2021
Whiplash,2014,5,4/7/2021
Spider-Man: Far from Home,2019,3,4/8/2021
Adaptation.,2002,4.5,4/8/2021
Shiva Baby,2020,4,4/9/2021
Persona,1966,4,4/9/2021
Inland Empire,2006,4.5,4/10/2021
Speed Racer,2008,5,4/11/2021
Company,2008,5,4/11/2021
Popstar: Never Stop Never Stopping,2016,4.5,4/13/2021
On the Waterfront,1954,3.5,4/14/2021
O Brother Where Art Thou?,2000,4,4/15/2021
Network,1976,5,4/16/2021
All That Jazz,1979,4,4/16/2021
Lost Highway,1997,3.5,4/17/2021
Hot Rod,2007,4.5,4/17/2021
Young Frankenstein,1974,3,4/18/2021
Godzilla vs. Kong,2021,2,4/20/2021
Dirty Dancing,1987,4.5,4/22/2021
In Bruges,2008,2,4/22/2021
Do the Right Thing,1989,4.5,4/23/2021
Robin Hood: Men in Tights,1993,3,4/24/2021
RoboCop,1987,4,4/24/2021
Jeanne Dielman 23 quai du Commerce 1080 Bruxelles,1975,4,4/25/2021
Juno,2007,4,4/25/2021
The Godfather,1972,4,4/25/2021
Eraserhead,1977,4.5,4/27/2021
Passion,1996,4,4/28/2021
THX 1138,1971,3,4/28/2021
Mondo Trasho,1969,2.5,4/28/2021
Barb & Star Go to Vista Del Mar,2021,3.5,4/29/2021
Hot Fuzz,2007,5,4/29/2021
Three Colors: Blue,1993,4,4/30/2021
The King of Comedy,1982,4.5,5/1/2021
Scream 2,1997,3.5,5/1/2021
Pink Floyd: The Wall,1982,4.5,5/1/2021
Into the Woods,1991,4,5/2/2021
Some Like It Hot,1959,4.5,5/2/2021
True Stories,1986,5,5/2/2021
Stop Making Sense,1984,5,5/3/2021
Neon Genesis Evangelion,1995,4,5/4/2021
Decalogue I,1989,4,5/5/2021
I'm Not There,2007,3.5,5/5/2021
Flashdance,1983,2,5/5/2021
Mortal Kombat,2021,2,5/5/2021
Tenacious D in The Pick of Destiny,2006,3.5,5/6/2021
American Factory,2019,3.5,5/6/2021
Beastie Boys: Video Anthology,2000,4.5,5/7/2021
A Little Night Music,1977,2,5/9/2021
Little Italy,2018,1,5/9/2021
The Matrix Reloaded,2003,3.5,5/10/2021
The Matrix Revolutions,2003,3,5/10/2021
The Animatrix,2003,2.5,5/11/2021
Isle of Dogs,2018,3.5,5/13/2021
Newsies,1992,4.5,5/13/2021
Snowpiercer,2013,3.5,5/14/2021
Hot Rod,2007,4.5,5/15/2021
Being John Malkovich,1999,4.5,5/16/2021
Cecil B. Demented,2000,3.5,5/17/2021
Begin Again,2013,4,5/19/2021
I'm a Cyborg But That's OK,2006,3.5,5/19/2021
Blade Runner 2049,2017,3.5,5/20/2021
The Truman Show,1998,3.5,5/20/2021
Burn!,1969,3.5,5/20/2021
Jellyfish Eyes,2013,2.5,5/21/2021
Purple Rain,1984,1.5,5/22/2021
Polyester,1981,4.5,5/25/2021
Blue Collar,1978,4.5,5/27/2021
Paris Is Burning,1990,3.5,5/28/2021
David Lynch: The Art Life,2016,2.5,5/28/2021
Bo Burnham: Inside,2021,5,5/30/2021
Happy Death Day,2017,3,5/30/2021
Bo Burnham: Inside,2021,5,5/31/2021
The Mitchells vs. The Machines,2021,4,6/1/2021
Thunder Force,2021,1.5,6/1/2021
Cruella,2021,3.5,6/2/2021
Funeral Parade of Roses,1969,4,6/3/2021
Saving Face,2004,3,6/3/2021
The Killing,1956,3,6/5/2021
Minari,2020,4,6/5/2021
Dr. Strangelove or: How I Learned to Stop Worrying and Love the Bomb,1964,4,6/6/2021
Citizenfour,2014,4.5,6/7/2021
Eighth Grade,2018,5,6/8/2021
Bo Burnham: Inside,2021,5,6/8/2021
Neon Genesis Evangelion: The End of Evangelion,1997,4,6/9/2021
Divine Trash,1998,3.5,6/10/2021
Muppet Treasure Island,1996,4,6/10/2021
This Filthy World,2006,4,6/11/2021
Valley of the Dolls,1967,3,6/11/2021
Beyond the Valley of the Dolls,1970,3.5,6/11/2021
Scott Pilgrim vs. the World,2010,5,6/12/2021
The Big Sick,2017,5,6/13/2021
Hedwig and the Angry Inch,2001,4.5,6/15/2021
La Cage aux Folles,1978,3,6/16/2021
Before Night Falls,2000,2.5,6/17/2021
Framing Britney Spears,2021,3,6/19/2021
Showgirls,1995,4.5,6/20/2021
Friends: The Reunion,2021,3,6/21/2021
Shiva Baby,2020,4,6/24/2021
The Straight Story,1999,5,6/27/2021
Great Old Amusement Parks,1999,3.5,6/28/2021
First Reformed,2017,5,7/2/2021
Luca,2021,3.5,7/3/2021
Zola,2020,3.5,7/3/2021
The Black Cauldron,1985,2,7/3/2021
The Comfort of Strangers,1990,2,7/4/2021
My Neighbor Totoro,1988,4,7/4/2021
The Falcon and the Winter Soldier,2021,3,7/5/2021
Shaun of the Dead,2004,4,7/6/2021
Raya and the Last Dragon,2021,2,7/7/2021
Wolfgang,2021,3,7/7/2021
Mishima: A Life in Four Chapters,1985,5,7/8/2021
Kennywood Memories,1988,5,7/9/2021
In the Heights,2021,2.5,7/10/2021
Lemonade Mouth,2011,4.5,7/11/2021
Patty Hearst,1988,4,7/12/2021
Knives Out,2019,4,7/13/2021
Whiplash,2014,5,7/14/2021
Space Jam: A New Legacy,2021,1,7/16/2021
Ingrid Goes West,2017,4.5,7/17/2021
An Evening with Beverly Luff Linn,2018,3,7/17/2021
Desperate Living,1977,3,7/18/2021
A Dirty Shame,2004,4,7/19/2021
Pig,2021,4.5,7/21/2021
Roadrunner: A Film About Anthony Bourdain,2021,3.5,7/22/2021
Xanadu,1980,3,7/23/2021
Jackass: The Movie,2002,3,7/23/2021
Punch-Drunk Love,2002,4,7/23/2021
Jackass Number Two,2006,3.5,7/24/2021
Tampopo,1985,4.5,7/24/2021
Jackass 2.5,2007,2.5,7/25/2021
Alien,1979,4.5,7/25/2021
Multiple Maniacs,1970,4,7/25/2021
Jackass 3D,2010,3,7/26/2021
Jackass 3.5,2011,3,7/27/2021
Old,2021,1,7/28/2021
Jackass Presents: Bad Grandpa,2013,2,7/28/2021
Fear Street: 1994,2021,2.5,7/29/2021
Pink Flamingos,1972,3,7/30/2021
Fear Street: 1978,2021,2.5,7/30/2021
Fear Street: 1666,2021,3,7/31/2021
The Joy of Life,2005,4,7/31/2021
The Celluloid Closet,1995,4,8/1/2021
The World's End,2013,3,8/1/2021
Summer of Soul (...or When the Revolution Could Not Be Televised),2021,3.5,8/2/2021
Lingua Franca,2019,4.5,8/3/2021
Rock 'n' Roll High School,1979,3.5,8/4/2021
The Green Knight,2021,3.5,8/5/2021
Howard,2018,3.5,8/7/2021
Cabaret,1972,5,8/7/2021
The Diane Linkletter Story,1970,2.5,8/8/2021
Dorothy the Kansas City Pot Head,1968,,8/8/2021
30/30 Vision: Three Decades of Strand Releasing,2019,,8/8/2021
Night Is Short Walk on Girl,2017,4,8/8/2021
Gimme Shelter,1970,4,8/9/2021
Annette,2021,1.5,8/9/2021
Fear and Loathing in Las Vegas,1998,3.5,8/10/2021
Psycho Goreman,2020,4.5,8/11/2021
Moonstruck,1987,4.5,8/12/2021
First Reformed,2017,5,8/12/2021
Grand Illusion,1937,3.5,8/13/2021
Smiles of a Summer Night,1955,3.5,8/13/2021
Crisis,1946,2,8/14/2021
The Suicide Squad,2021,3.5,8/14/2021
The House with a Clock in Its Walls,2018,2,8/15/2021
Speed Racer,2008,5,8/15/2021
Arrival,2016,3,8/17/2021
The King of Staten Island,2020,3,8/17/2021
What We Do in the Shadows,2014,4,8/20/2021
Mandy,2018,4.5,8/22/2021
Annette,2021,1.5,8/23/2021
Free Guy,2021,3,8/25/2021
Shangri-La,2021,,8/25/2021
Eternal Sunshine of the Spotless Mind,2004,4,8/26/2021
Taxi Driver,1976,4,8/26/2021
Gone Girl,2014,3,8/28/2021
Inglourious Basterds,2009,4,8/29/2021
Hunt for the Wilderpeople,2016,3.5,8/29/2021
Candyman,1992,3,8/30/2021
The Wolf of Wall Street,2013,4,8/31/2021
Call Me by Your Name,2017,4,8/31/2021
CODA,2021,4.5,9/1/2021
American Psycho,2000,4.5,9/2/2021
Happier Than Ever: A Love Letter to Los Angeles,2021,3.5,9/4/2021
Moonlight,2016,4.5,9/5/2021
Coming to America,1988,3,9/5/2021
Kedi,2016,4,9/5/2021
Cinderella,2021,0.5,9/6/2021
Coming 2 America,2021,3,9/6/2021
Carrie,1976,3.5,9/6/2021
Black Swan,2010,4,9/8/2021
Naked Lunch,1991,3,9/8/2021
The Killing of a Sacred Deer,2017,4,9/9/2021
Nobody,2021,3,9/10/2021
Candyman,2021,3.5,9/10/2021
Evangelion: 1.0 You Are (Not) Alone,2007,3,9/11/2021
Evangelion: 2.0 You Can (Not) Advance,2009,3.5,9/11/2021
Freaky,2020,2.5,9/11/2021
Doctor Strange,2016,3,9/12/2021
Shrek,2001,4.5,9/12/2021
The Card Counter,2021,4.5,9/13/2021
The Stuff,1985,3.5,9/14/2021
Shang-Chi and the Legend of the Ten Rings,2021,3,9/15/2021
Brazil,1985,4.5,9/16/2021
He's All That,2021,1.5,9/16/2021
Hellraiser,1987,3.5,9/17/2021
Loki,2021,4,9/17/2021
Thor: The Dark World,2013,2.5,9/18/2021
The Red Shoes,1948,4,9/21/2021
9/21/2021,2021,,9/21/2021
Suspiria,1977,3.5,9/22/2021
Before Sunrise,1995,5,9/23/2021
A Ship Bound For India,1947,2.5,9/23/2021
Señorita,2011,3,9/24/2021
Before Sunset,2004,5,9/25/2021
Hustlers,2019,3.5,9/25/2021
Before Midnight,2013,5,9/26/2021
Sisters,1972,4,9/26/2021
Dear Evan Hansen,2021,2,9/28/2021
Casino Royale,2006,3.5,9/28/2021
Apparition,2012,2.5,9/29/2021
They Live,1988,5,9/30/2021
Scooby-Doo! and KISS: Rock and Roll Mystery,2015,2,10/3/2021
Titane,2021,4,10/4/2021
Quantum of Solace,2008,2.5,10/5/2021
Malignant,2021,2.5,10/6/2021
Stop Making Sense,1984,5,10/7/2021
Black Widow,2021,2.5,10/7/2021
There's Someone Inside Your House,2021,2,10/7/2021
You're Next,2011,4,10/8/2021
Halloween,2018,3.5,10/9/2021
Trick 'r Treat,2007,4,10/10/2021
Serial Mom,1994,5,10/12/2021
Together Together,2021,4.5,10/14/2021
Skyfall,2012,4,10/14/2021
Diana: The Musical,2021,1,10/15/2021
Beastie Boys: Video Anthology,2000,4.5,10/16/2021
Funny Games,1997,4.5,10/17/2021
A Hard Day's Night,1964,3,10/19/2021
The Final Girls,2015,2.5,10/22/2021
Muppets Haunted Mansion,2021,3,10/22/2021
Crash,1996,4.5,10/23/2021
Corpse Bride,2005,3,10/24/2021
Kicking and Screaming,1995,2.5,10/24/2021
The Elephant Man,1980,4,10/26/2021
Donnie Darko,2001,4,10/28/2021
Spectre,2015,3,10/29/2021
Dune,2021,3,10/30/2021
Scream,1996,5,10/30/2021
Scream 2,1997,3.5,10/30/2021
Scream 3,2000,3,10/30/2021
Scream 4,2011,3.5,10/30/2021
Hocus Pocus,1993,4,10/31/2021
No Time to Die,2021,3,11/1/2021
Slacker,1990,2.5,11/1/2021
Last Night in Soho,2021,1.5,11/2/2021
Censor,2021,2.5,11/2/2021
Stalker,1979,4,11/3/2021
The French Dispatch,2021,3,11/4/2021
Willy's Wonderland,2021,2,11/5/2021
Dazed and Confused,1993,4.5,11/7/2021
Hello Dolly!,1969,4.5,11/7/2021
The Rock,1996,3,11/9/2021
Scanners,1981,4,11/9/2021
You've Got Mail,1998,2.5,11/10/2021
The Night Porter,1974,3,11/10/2021
Bicycle Thieves,1948,3.5,11/11/2021
Ratcatcher,1999,4,11/12/2021
Jungle Cruise,2021,1.5,11/12/2021
Armageddon,1998,2,11/13/2021
The Sparks Brothers,2021,3,11/13/2021
Home Sweet Home Alone,2021,0.5,11/14/2021
The Shape of Water,2017,4.5,11/14/2021
Spencer,2021,3.5,11/15/2021
Yojimbo,1961,4,11/16/2021
Princess Mononoke,1997,4,11/16/2021
Shadows,1958,3,11/17/2021
Belfast,2021,3.5,11/18/2021
Prisoners of the Ghostland,2021,2.5,11/20/2021
King Richard,2021,3.5,11/20/2021
Come from Away,2021,4,11/20/2021
Halloween Kills,2021,2,11/20/2021
Billie Eilish: The World's a Little Blurry,2021,3.5,11/21/2021
Walkabout,1971,4,11/21/2021
Evangelion: 3.0 You Can (Not) Redo,2012,3,11/22/2021
Val,2021,4,11/22/2021
The Hunchback of Notre Dame,1996,5,11/23/2021
The Hunchback of Notre Dame II,2002,1,11/23/2021
Fantastic Mr. Fox,2009,4.5,11/23/2021
The Eyes of Tammy Faye,2021,4,11/24/2021
House of Gucci,2021,4,11/24/2021
Under Wraps,2021,0.5,11/24/2021
Yi Yi,2000,4.5,11/25/2021
National Lampoon's Christmas Vacation,1989,0.5,11/25/2021
Unaccompanied Minors,2006,2.5,11/25/2021
'Twas the Fight Before Christmas,2021,3.5,11/26/2021
tick tick...BOOM!,2021,4.5,11/26/2021
Sunday in the Park with George,1986,5,11/26/2021
The Thin Blue Line,1988,4,11/28/2021
Company,2008,5,11/28/2021
8-Bit Christmas,2021,2,11/28/2021
Moonstruck,1987,4.5,11/28/2021
Three Colors: White,1994,3.5,11/29/2021
The Father,2020,4.5,11/30/2021
Jonas Brothers Family Roast,2021,1,12/1/2021
Anna and the Apocalypse,2017,3,12/1/2021
The Humans,2021,3,12/2/2021
Christmas ...Again?!,2021,2,12/3/2021
Carol,2015,3.5,12/3/2021
C'mon C'mon,2021,3.5,12/4/2021
Theorem,1968,4,12/5/2021
The Power of the Dog,2021,3.5,12/5/2021
Crimson Peak,2015,3,12/5/2021
Benedetta,2021,4,12/6/2021
Harlan County U.S.A.,1976,5,12/7/2021
Black Christmas,1974,4,12/7/2021
Mandibles,2020,3.5,12/8/2021
Diary of a Wimpy Kid,2021,1,12/8/2021
A Christmas Story,1983,3.5,12/8/2021
Clifford the Big Red Dog,2021,2.5,12/9/2021
Krampus,2015,4,12/9/2021
Ghostbusters: Afterlife,2021,3,12/10/2021
Popstar: Never Stop Never Stopping,2016,4.5,12/10/2021
'Twas the Fight Before Christmas,2021,3.5,12/11/2021
Scrooged,1988,2.5,12/12/2021
A Christmas Dance Reunion,2021,2,12/13/2021
South Park: Post COVID,2021,2,12/13/2021
Everybody's Talking About Jamie,2021,3,12/13/2021
Street Gang: How We Got to Sesame Street,2021,3,12/14/2021
Evangelion: 3.0+1.0 Thrice Upon a Time,2021,3.5,12/14/2021
Single All the Way,2021,3,12/14/2021
Nightmare Alley,1947,3,12/14/2021
Passing,2021,4,12/15/2021
All Too Well: The Short Film,2021,3,12/15/2021
Ron's Gone Wrong,2021,3.5,12/15/2021
A Quiet Place,2018,3,12/16/2021
A Quiet Place Part II,2020,2.5,12/16/2021
The Nightmare Before Christmas,1993,4.5,12/16/2021
Nightmare Alley,2021,4.5,12/17/2021
Spin,2021,4,12/17/2021
The Velvet Underground,2021,3,12/18/2021
South Park: Post COVID: The Return of COVID,2021,2.5,12/19/2021
A Forbidden Orange,2021,2.5,12/19/2021
The Muppet Christmas Carol,1992,4,12/19/2021
Emmet Otter's Jug-Band Christmas,1977,4.5,12/19/2021
High School Musical,2006,5,12/19/2021
The Last Duel,2021,3,12/20/2021
Spider-Man: Far from Home,2019,3,12/20/2021
Love Actually,2003,3,12/21/2021
The Electrical Life of Louis Wain,2021,3.5,12/22/2021
The Matrix Resurrections,2021,4,12/22/2021
Nine Days,2020,4,12/23/2021
Don't Look Up,2021,2.5,12/24/2021
Encanto,2021,3.5,12/25/2021
The Scary of Sixty-First,2021,1.5,12/25/2021
The Wonderful World of Disney: Magical Holiday Celebration,2021,2,12/25/2021
Hawkeye,2021,3.5,12/26/2021
Licorice Pizza,2021,3.5,12/26/2021
Planes Trains and Automobiles,1987,4,12/26/2021
Spider-Man: No Way Home,2021,3,12/28/2021
The Nice Guys,2016,5,12/28/2021
Game Night,2018,4,12/29/2021
Red Rocket,2021,4.5,12/30/2021
Bo Burnham: Inside,2021,5,12/31/2021
Che: Part One,2008,4,1/2/2022
The Hunchback of Notre Dame,1996,5,1/2/2022
Che: Part Two,2008,3,1/3/2022
Boyhood,2014,4,1/3/2022
The Curious Case of Benjamin Button,2008,3,1/3/2022
Fishing with John,1991,4,1/3/2022
Hereditary,2018,4,1/4/2022
The Organizer,1963,4,1/5/2022
Fight Club,1999,3,1/5/2022
The Piano Teacher,2001,5,1/5/2022
Eyes Without a Face,1960,3.5,1/7/2022
Ocean's Eleven,2001,4,1/7/2022
Funny Games,1997,5,1/8/2022
The Decameron,1971,4,1/8/2022
Irma Vep,1996,3.5,1/8/2022
Cronos,1993,3,1/9/2022
Pirates of the Caribbean: The Curse of the Black Pearl,2003,3,1/9/2022
The Story of Menstruation,1946,3,1/9/2022
Tootsie,1982,3,1/10/2022
Star Wars: The Last Jedi,2017,4.5,1/10/2022
Three Colors: Red,1994,4,1/10/2022
Hard Boiled,1992,4,1/11/2022
Memories of Murder,2003,4,1/12/2022
Eternals,2021,2,1/12/2022
The Tragedy of Macbeth,2021,3.5,1/15/2022
Cars,2006,4,1/16/2022
The Canterbury Tales,1972,3,1/16/2022
The Lady Vanishes,1938,3.5,1/17/2022
Faces,1968,3,1/17/2022
Monsieur Hulot's Holiday,1953,3.5,1/18/2022
Line Goes Up - The Problem With NFTs,2022,,1/21/2022
Y Tu Mamá También,2001,4.5,1/23/2022
Winnie the Pooh,2011,4,1/23/2022
The Lure,2015,4.5,1/23/2022
Ghost World,2001,3,1/24/2022
Line Goes Up - The Problem With NFTs,2022,4,1/25/2022
Mon Oncle,1958,4,1/26/2022
Jackass: The Movie,2002,3,1/27/2022
Hunger,2008,4,1/28/2022
My Own Private Idaho,1991,3.5,1/29/2022
A Woman Under the Influence,1974,3.5,1/30/2022
The Simpsons Movie,2007,3.5,1/30/2022
The Times of Harvey Milk,1984,4.5,1/31/2022
Blue Is the Warmest Color,2013,2,2/1/2022
The Card Counter,2021,4,2/2/2022
Taste of Cherry,1997,4.5,2/3/2022
Jackass Number Two,2006,3.5,2/3/2022
Sanjuro,1962,4,2/6/2022
Tower of Terror,1997,3,2/6/2022
The Killing of a Chinese Bookie,1976,3,2/7/2022
The Tree of Life,2011,3,2/10/2022
Jackass 3D,2010,3,2/12/2022
I Daniel Blake,2016,5,2/13/2022
Decalogue II,1989,3,2/13/2022
Annette,2021,4,2/13/2022
The Muppets at Walt Disney World,1990,3,2/13/2022
Jackass Forever,2022,5,2/14/2022
Welcome to the Dollhouse,1995,4,2/18/2022
Disney's FastPass: A Complicated History,2021,4,2/18/2022
The Lost Daughter,2021,3.5,2/20/2022
A Bug's Life,1998,3.5,2/20/2022
Kimi,2022,3,2/20/2022
Decalogue III,1989,3.5,2/25/2022
Flee,2021,4,2/27/2022
Descendants,2015,2.5,2/27/2022
Decalogue IV,1989,3.5,3/2/2022
The Power of the Dog,2021,4,3/4/2022
tick tick...BOOM!,2021,5,3/12/2022
Scream,2022,3,3/14/2022
Turning Red,2022,3.5,3/16/2022
West Side Story,2021,3,3/16/2022
Johnny Bubble,2016,4,3/19/2022
Sissy-Boy Slap-Party,2004,4,3/19/2022
Decalogue V,1989,5,3/20/2022
Fresh,2022,3,3/20/2022
Fear & Shame,2017,4,3/20/2022
Decalogue VI,1989,4,3/21/2022
PlayTime,1967,4.5,3/26/2022
Billy Elliot,2000,3.5,3/27/2022
Decalogue VIII,1989,3,3/28/2022
Decalogue IX,1989,3.5,3/28/2022
Visitor Information,2015,,3/29/2022
What Codec Should I Use?,2020,,3/30/2022
Adventureland,2009,4,4/1/2022
Decalogue X,1989,4,4/2/2022
Dekalog,1989,4,4/2/2022
Nathan for You: Finding Frances,2017,4.5,4/2/2022
Suspiria,2018,5,4/3/2022
Trafic,1971,3,4/4/2022
Elephant,1989,4,4/4/2022
May I Please Enter,2018,3,4/5/2022
Live Forever as You Are Now with Alan Resnick,2013,4,4/5/2022
Chasing Amy,1997,1,4/5/2022
Nowhere,1997,4.5,4/6/2022
Paul Schrader: Man in a Room,2020,3.5,4/8/2022
Moonrise Kingdom,2012,4,4/9/2022
Arabian Nights,1974,4,4/10/2022
The Batman,2022,3,4/10/2022
Before Sunrise,1995,5,4/10/2022
Bad Luck Banging or Loony Porn,2021,1.5,4/11/2022
Everything Everywhere All at Once,2022,4.5,4/11/2022
Atman,1975,3,4/12/2022
Kennywood Memories,1988,5,4/13/2022
The Devil's Backbone,2001,3.5,4/14/2022
What a Girl Wants,2003,2,4/16/2022
7 Days in Hell,2015,3.5,4/16/2022
The Witch,2015,4,4/17/2022
Dead Man,1995,4,4/19/2022
Possession,1981,5,4/20/2022
The Fast and the Furious,2001,2.5,4/21/2022
Benny's Video,1992,4.5,4/22/2022
Female Trouble,1974,4.5,4/23/2022
After Yang,2021,4,4/23/2022
The Battle of Algiers,1966,4,4/23/2022
Drive,2011,4,4/24/2022
Spider-Man,2002,4,4/24/2022
We're All Going to the World's Fair,2021,4,4/25/2022
The Northman,2022,3.5,4/25/2022
Bill & Ted's Bogus Journey,1991,4.5,4/27/2022
Night and Fog,1956,5,4/29/2022
France,2021,3,4/29/2022
Crush,2022,3,4/30/2022
The Irishman,2019,4,4/30/2022
Spring Breakers,2012,2.5,5/1/2022
Jackass Forever,2022,5,5/1/2022
Female Trouble,1974,4.5,5/2/2022
The Human Condition I: No Greater Love,1959,3.5,5/3/2022
Nightcrawler,2014,3.5,5/4/2022
Walk Hard: The Dewey Cox Story,2007,4,5/5/2022
The Last Temptation of Christ,1988,4.5,5/5/2022
Free Voice of Labor: The Jewish Anarchists,1980,4,5/6/2022
Tig Notaro: Drawn,2021,3.5,5/6/2022
CODA,2021,4.5,5/6/2022
'71,2014,3.5,5/7/2022
Dunkirk,2017,2.5,5/7/2022
Amour,2012,4.5,5/8/2022
Moon Knight,2022,3,5/8/2022
Don't Worry He Won't Get Far on Foot,2018,4,5/9/2022
Come and See,1985,5,5/10/2022
The Bitter Tears of Petra von Kant,1972,3,5/11/2022
Bill & Ted Face the Music,2020,3,5/13/2022
Pig,2021,4.5,5/15/2022
Samurai I: Musashi Miyamoto,1954,3.5,5/19/2022
Salò or the 120 Days of Sodom,1975,4.5,5/20/2022
Barb & Star Go to Vista Del Mar,2021,4,5/21/2022
Titane,2021,5,5/21/2022
Paris Texas,1984,4,5/22/2022
Jackass 4.5,2022,4,5/22/2022
Chip 'n Dale: Rescue Rangers,2022,2.5,5/23/2022
Nick and Norah's Infinite Playlist,2008,3,5/24/2022
RRR,2022,4.5,5/25/2022
Opening Night,1977,3.5,5/26/2022
Antichrist,2009,3,5/27/2022
Belle,2021,3,5/28/2022
The Eyes of Tammy Faye,2021,4,5/29/2022
The Bob's Burgers Movie,2022,3.5,5/30/2022
Jerrod Carmichael: Rothaniel,2022,4,5/31/2022
Bo Burnham: The Inside Outtakes,2022,4,5/31/2022
Norm Macdonald: Nothing Special,2022,4,6/2/2022
Bo Burnham: Inside,2021,5,6/3/2022
Jerrod Carmichael: Rothaniel,2022,4,6/3/2022
Crush,2022,3.5,6/4/2022
As Tears Go By,1988,3.5,6/4/2022
Fire Island,2022,3.5,6/5/2022
Pygmalion,1938,3,6/6/2022
Stranger by the Lake,2013,3.5,6/7/2022
Shiva Baby,2020,4.5,6/7/2022
Dating Amber,2020,4,6/8/2022
Petite Maman,2021,4,6/9/2022
Rafiki,2018,4,6/10/2022
Mission: Impossible,1996,3,6/10/2022
Bo Burnham: The Inside Outtakes,2022,4,6/10/2022
Barbarella,1968,4.5,6/11/2022
Hedwig and the Angry Inch,2001,5,6/12/2022
Top Gun,1986,3,6/13/2022
Parade,1974,3,6/13/2022
Paterson,2016,4.5,6/14/2022
The Lord of the Rings: The Fellowship of the Ring,2001,4,6/16/2022
Days of Being Wild,1990,3.5,6/17/2022
The Boss Baby,2017,3.5,6/18/2022
Possession,1981,5,6/19/2022
The Lord of the Rings: The Two Towers,2002,4,6/20/2022
Uncharted,2022,2,6/21/2022
Doctor Strange in the Multiverse of Madness,2022,3,6/22/2022
Samurai II: Duel at Ichijoji Temple,1955,3,6/23/2022
On the Count of Three,2021,4,6/24/2022
Camp Rock 2: The Final Jam,2010,4.5,6/24/2022
Jackass Forever,2022,5,6/25/2022
The Great Muppet Caper,1981,4,6/26/2022
Hustle,2022,4,6/29/2022
Windfall,2022,3,6/30/2022
Sorry to Bother You,2018,4,7/1/2022
Song for Rent,1969,,7/2/2022
Workers Leaving the Googleplex,2011,,7/2/2022
Dumping Core,1984,,7/2/2022
Mad God,2021,5,7/2/2022
Paddington,2014,5,7/2/2022
Greener Grass,2019,5,7/3/2022
Suicide Kale,2016,2,7/4/2022
Anomalisa,2015,3,7/5/2022
Walker,1987,4.5,7/7/2022
Dying of the Light,2014,1.5,7/8/2022
Marcel the Shell with Shoes On,2010,,7/9/2022
Paul Robeson: Tribute to an Artist,1979,3,7/9/2022
Chungking Express,1994,4,7/9/2022
Alan Resnick's Enterings,2022,,7/9/2022
Moneyball,2011,3.5,7/10/2022
Terminal USA,1993,4,7/12/2022
Raising Arizona,1987,3.5,7/13/2022
Dead Poets Society,1989,3.5,7/14/2022
Whiplash,2014,5,7/15/2022
Maudie,2016,3.5,7/18/2022
Irreversible,2002,4.5,7/18/2022
Pleasure,2021,4,7/19/2022
Bull Durham,1988,3.5,7/20/2022
The Switchblade Sisters,1975,4,7/21/2022
A Scanner Darkly,2006,3,7/22/2022
Z-O-M-B-I-E-S 3,2022,3,7/22/2022
mother!,2017,2.5,7/23/2022
Barry Lyndon,1975,5,7/23/2022
Dying of the Light,2014,3,7/24/2022
Dying of the Light,2014,3,7/24/2022
Lars and the Real Girl,2007,4.5,7/27/2022
A Kid in King Arthur's Court,1995,3,7/27/2022
Army of Darkness,1992,3,7/29/2022
Easy A,2010,3.5,7/31/2022
A League of Their Own,1992,4,7/31/2022
Jerrod Carmichael: 8,2017,4,8/1/2022
Light Sleeper,1992,3.5,8/1/2022
Tour de Pharmacy,2017,3.5,8/2/2022
Badlands,1973,4,8/3/2022
We're All Going to the World's Fair,2021,4,8/3/2022
Hollister,2017,,8/4/2022
Internships,2018,,8/5/2022
A Girl Walks Home Alone at Night,2014,4,8/5/2022
John Wick,2014,3,8/6/2022
Thor: Ragnarok,2017,3.5,8/7/2022
1917,2019,4,8/8/2022
Lightyear,2022,2.5,8/8/2022
Before Sunset,2004,5,8/8/2022
The Gray Man,2022,2.5,8/10/2022
Prey,2022,3.5,8/12/2022
Fallen Angels,1995,4.5,8/12/2022
The Skeleton Twins,2014,3,8/13/2022
8½,1963,3,8/14/2022
Thir13en Ghosts,2001,3,8/14/2022
Nineteen Eighty-Four,1984,2.5,8/15/2022
The Little Guy,2022,,8/16/2022
Groot's Pursuit,2022,,8/16/2022
Groot Takes a Bath,2022,,8/16/2022
Popeye,1980,4,8/17/2022
Men,2022,1.5,8/17/2022
The Brood,1979,3,8/18/2022
Pacific Rim,2013,4,8/18/2022
John Mulaney & The Sack Lunch Bunch,2019,4.5,8/20/2022
Drag Me to Hell,2009,3.5,8/21/2022
Inglourious Basterds,2009,4.5,8/22/2022
Happy Birthday to Me,1981,2.5,8/23/2022
High Fidelity,2000,3,8/24/2022
Death Becomes Her,1992,3.5,8/24/2022
Apollo 10½:  A Space Age Childhood,2022,3,8/26/2022
You Again,2010,1,8/26/2022
There's Something About Mary,1998,2,8/27/2022
Baby Oopsie,2021,3,8/27/2022
Crimes of the Future,2022,4.5,8/28/2022
Singin' in the Rain,1952,4,8/28/2022
What We Do in the Shadows,2014,4,8/28/2022
Cyrano,2021,4,8/29/2022
Stop Making Sense,1984,5,8/30/2022
Sid & Nancy,1986,4,8/30/2022
Fake News And How To Evade It,2017,,8/30/2022
Hardcore,1979,4,9/1/2022
Patriotism,1966,1,9/1/2022
Killer Klowns from Outer Space,1988,4,9/2/2022
PlayTime,1967,4.5,9/3/2022
Anything's Possible,2022,3,9/5/2022
Elvis,2022,3,9/6/2022
Night at the Museum,2006,3,9/6/2022
Thor: Love and Thunder,2022,1.5,9/8/2022
Lux Æterna,2019,4,9/8/2022
The Great Beauty,2013,4,9/9/2022
The Lord of the Rings: The Return of the King,2003,4,9/10/2022
Daughters of Darkness,1971,3,9/10/2022
Bloody Sunday,2002,4.5,9/11/2022
X,2022,2.5,9/13/2022
Affliction,1997,3.5,9/14/2022
The Aviator,2004,3,9/15/2022
House,1977,5,9/16/2022
Do Revenge,2022,2,9/18/2022
Porco Rosso,1992,4,9/20/2022
Child's Play,1988,4,9/21/2022
Until the End of the World,1991,4,9/22/2022
The Departed,2006,4.5,9/22/2022
The Woman King,2022,4,9/24/2022
Child's Play 2,1990,3.5,9/26/2022
The Master of Disguise,2002,0.5,9/27/2022
Anonymous Club,2021,4,9/28/2022
Thingu,2012,4.5,10/1/2022
Stop Making Sense,1984,5,10/1/2022
Pink Floyd: The Wall,1982,4.5,10/1/2022
Greener Grass,2019,5,10/1/2022
Vampire's Kiss,1988,5,10/2/2022
Cats,2019,1.5,10/2/2022
High School Musical,2006,5,10/2/2022
My Best Friend's Exorcism,2022,3,10/2/2022
Child's Play 3,1991,3,10/3/2022
His House,2020,3.5,10/4/2022
Trick 'r Treat,2007,5,10/5/2022
Marcel the Shell with Shoes On,2021,4.5,10/7/2022
Hocus Pocus 2,2022,2.5,10/7/2022
Dave Made a Maze,2017,4,10/8/2022
Bride of Chucky,1998,4.5,10/8/2022
Flux Gourmet,2022,3,10/9/2022
Videodrome,1983,5,10/9/2022
Seed of Chucky,2004,5,10/10/2022
Werewolf by Night,2022,2.5,10/11/2022
Curse of Chucky,2013,3,10/11/2022
Speak No Evil,2022,2,10/12/2022
Cult of Chucky,2017,3,10/13/2022
Multiple Maniacs,1970,4,10/14/2022
The Stuff,1985,3.5,10/15/2022
Psycho Goreman,2020,4.5,10/15/2022
Over the Garden Wall,2014,5,10/16/2022
Society,1989,3,10/18/2022
Massacre of the Christians by the Chinese,1900,,10/18/2022
Hellboy,2004,4,10/20/2022
Halloween Kills,2021,2,10/21/2022
Halloween Ends,2022,3.5,10/21/2022
Psycho,1960,3,10/22/2022
Cat People,1982,3.5,10/23/2022
The Red Balloon,1956,4,10/23/2022
Get Out,2017,4,10/23/2022
Hellraiser,2022,3,10/24/2022
Dirtbag,2022,,10/25/2022
Barbarian,2022,4,10/25/2022
The Blair Witch Project,1999,2.5,10/25/2022
Glorious,2022,1.5,10/25/2022
Basket Case,1982,3,10/26/2022
Shivers,1975,3.5,10/26/2022
Bodies Bodies Bodies,2022,2.5,10/27/2022
Spirit Halloween: The Movie,2022,1.5,10/27/2022
Desperate Living,1977,3.5,10/28/2022
The Black Phone,2021,4,10/28/2022
Resident Evil,2002,2,10/28/2022
Halloween,1978,4,10/29/2022
Halloween II,1981,3.5,10/29/2022
Halloween III: Season of the Witch,1982,3.5,10/29/2022
An American Werewolf in London,1981,3.5,10/30/2022
Coraline,2009,4,10/31/2022
Elvira Mistress of the Dark,1988,5,10/31/2022
Child's Play,2019,3,11/1/2022
Heathers: The Musical,2022,4.5,11/1/2022
See How They Run,2022,3,11/1/2022
The Lobster,2015,4.5,11/2/2022
The Boondock Saints,1999,4,11/3/2022
Weird: The Al Yankovic Story,2022,4,11/5/2022
The Banshees of Inisherin,2022,4.5,11/6/2022
Eraserhead,1977,4.5,11/6/2022
Perfect Blue,1997,4.5,11/7/2022
The Outside,2022,4,11/8/2022
The Texas Chain Saw Massacre,1974,4,11/8/2022
I Stand Alone,1998,3.5,11/9/2022
Nope,2022,3,11/10/2022
Whisper of the Heart,1995,4,11/11/2022
Funny Games,2007,4.5,11/12/2022
Cruising,1980,4,11/12/2022
The Swell Season,2011,3.5,11/13/2022
Mothra vs. Godzilla,1964,3.5,11/13/2022
Mad God,2021,5,11/14/2022
Climax,2018,5,11/15/2022
Dogtooth,2009,3,11/15/2022
GoodFellas,1990,4,11/16/2022
Big Trouble in Little China,1986,3.5,11/16/2022
Hit the Road,2021,3.5,11/17/2022
Triangle of Sadness,2022,3.5,11/17/2022
Bowling for Columbine,2002,4,11/18/2022
Sonic the Hedgehog 2,2022,1.5,11/19/2022
Three Thousand Years of Longing,2022,4,11/19/2022
One Cut of the Dead,2017,4,11/20/2022
The Meyerowitz Stories (New and Selected),2017,4.5,11/20/2022
Disney Channel's Theme: A History Mystery,2022,,11/21/2022
Phantom Thread,2017,3.5,11/21/2022
Nacho Libre,2006,3,11/21/2022
Pee-wee's Big Adventure,1985,3.5,11/24/2022
Disenchanted,2022,3,11/25/2022
Silent Night Deadly Night,1984,3,11/26/2022
Don't Worry Darling,2022,2,11/26/2022
Neptune Frost,2021,3,11/27/2022
Sorry We Missed You,2019,5,11/27/2022
Emily the Criminal,2022,4,11/28/2022
Girl Interrupted,1999,3.5,11/30/2022
The Holiday,2006,4,12/1/2022
Happy Together,1997,3,12/2/2022
Basic Instinct,1992,3,12/4/2022
Norma Rae,1979,4,12/4/2022
Twice Upon a Christmas,2001,1.5,12/4/2022
The Viewing,2022,3.5,12/4/2022
Bros,2022,3,12/7/2022
Tokyo Godfathers,2003,3.5,12/7/2022
The Guardians of the Galaxy Holiday Special,2022,2.5,12/7/2022
Kiss Kiss Bang Bang,2005,4,12/10/2022
Under the Skin,2013,4,12/11/2022
Fanny and Alexander,1982,4,12/11/2022
Pearl,2022,2.5,12/12/2022
American Gigolo,1980,4,12/14/2022
Due Date,2010,1.5,12/15/2022
Who Killed Santa? A Murderville Murder Mystery,2022,3,12/16/2022
Parallel Mothers,2021,4,12/18/2022
Deck the Halls,2006,3,12/18/2022
Guillermo del Toro's Pinocchio,2022,4,12/19/2022
Buddies,1985,5,12/21/2022
The Whale,2022,3,12/21/2022
The Eternal Daughter,2022,3,12/21/2022
Adult Swim Yule Log (aka The Fireplace),2022,3.5,12/22/2022
Decision to Leave,2022,4,12/22/2022
Enter the Void,2009,4.5,12/23/2022
Glass Onion: A Knives Out Mystery,2022,4,12/23/2022
The Actress,2021,,12/23/2022
Top Gun: Maverick,2022,3.5,12/24/2022
It's a Wonderful Life,1946,4.5,12/25/2022
The Gospel According to St. Matthew,1964,3,12/25/2022
The Worst Person in the World,2021,3.5,12/25/2022
Falling for Christmas,2022,1,12/25/2022
Emmet Otter's Jug-Band Christmas,1977,5,12/25/2022
Vortex,2021,4,12/26/2022
TÁR,2022,4.5,12/26/2022
History of the Occult,2020,3,12/27/2022
Drive My Car,2021,4,12/29/2022
Night of the Coconut,2022,3,12/29/2022
Avatar: The Way of Water,2022,3,12/30/2022
Glass Onion: A Knives Out Mystery,2022,4,12/30/2022
Lyle Lyle Crocodile,2022,4,12/31/2022
Bones and All,2022,4.5,1/1/2023
Rear Window,1954,3.5,1/1/2023
Shore Things,1996,3,1/2/2023
Ethnic Notions,1986,4,1/3/2023
Tongues Untied,1989,4.5,1/3/2023
The Alphabet,1969,,1/3/2023
Six Men Getting Sick,1967,,1/3/2023
Affirmations,1990,,1/3/2023
Anthem,1991,,1/3/2023
Color Adjustment,1992,4,1/3/2023
No Regret,1993,4,1/3/2023
Black Is … Black Ain’t,1994,4.5,1/4/2023
The Godfather: Part II,1974,4,1/5/2023
The Final Exit of the Disciples of Ascensia,2019,4,1/6/2023
Rosetta,1999,3.5,1/6/2023
And Then We Danced,2019,3.5,1/6/2023
Magic Mike,2012,3.5,1/7/2023
SexWorld,1978,3,1/8/2023
White Noise,2022,4,1/8/2023
This Place Rules,2022,3,1/8/2023
Man Bites Dog,1992,3.5,1/9/2023
Dog Eat Dog,2016,2,1/10/2023
A Dog's Will,2000,2.5,1/11/2023
Slumdog Millionaire,2008,3,1/12/2023
Friday the 13th Part 2,1981,2.5,1/13/2023
Friday the 13th Part III,1982,2,1/13/2023
12 Angry Men,1957,5,1/15/2023
Skinamarink,2022,3,1/16/2023
Cloud Atlas,2012,4,1/18/2023
A Brighter Summer Day,1991,4,1/19/2023
My Winnipeg,2007,4,1/21/2023
Good Will Hunting,1997,4,1/22/2023
The Farewell,2019,4,1/22/2023
Starlet,2012,4.5,1/23/2023
4 Months 3 Weeks and 2 Days,2007,4,1/24/2023
The Shawshank Redemption,1994,3.5,1/25/2023
Pink Flamingos,1972,4,1/27/2023
Stop Making Sense,1984,5,1/29/2023
Casablanca,1942,4,1/31/2023
3 Women,1977,4,2/1/2023
Ossos,1997,2.5,2/2/2023
From Dusk Till Dawn,1996,4.5,2/3/2023
Fat Girl,2001,4,2/4/2023
Contempt,1963,3.5,2/5/2023
Code Unknown,2000,4.5,2/8/2023
Nashville,1975,4.5,2/10/2023
The Northman,2022,4,2/12/2023
News from Home,1976,3,2/16/2023
Pride,2014,4.5,2/17/2023
I Want You Back,2022,3.5,2/19/2023
All Quiet on the Western Front,2022,3,2/21/2023
Lady Bird,2017,3.5,3/24/2023
Lady Bird,2017,4.0,3/24/2023
Lady Bird,2017,3.0,3/24/2023
